#Release 14.4 - par P.49d (nt64)
#Copyright (c) 1995-2012 Xilinx, Inc.  All rights reserved.

#Thu Aug 25 00:53:07 2016

#
## NOTE: This file is designed to be imported into a spreadsheet program
# such as Microsoft Excel for viewing, printing and sorting. The |
# character is used as the data field separator. This file is also designed
# to support parsing.
#
#INPUT FILE:       topModule_group10_map.ncd
#OUTPUT FILE:      topModule_group10_pad.csv
#PART TYPE:        xc3s400
#SPEED GRADE:      -4
#PACKAGE:          pq208
#
# Pinout by Pin Number:
# 
# -----,-----,-----,-----,-----,-----,-----,-----,-----,-----,-----,-----,-----,-----,-----,
Pin Number,Signal Name,Pin Usage,Pin Name,Direction,IO Standard,IO Bank Number,Drive (mA),Slew Rate,Termination,IOB Delay,Voltage,Constraint,IO Register,Signal Integrity,
P1,,,GND,,,,,,,,,,,,
P2,sw2<5>,IOB,IO_L01P_7/VRN_7,INPUT,LVCMOS25*,7,,,,NONE,,LOCATED,NO,NONE,
P3,sw2<2>,IOB,IO_L01N_7/VRP_7,INPUT,LVCMOS25*,7,,,,NONE,,LOCATED,NO,NONE,
P4,sw2<3>,IOB,IO_L16P_7/VREF_7,INPUT,LVCMOS25*,7,,,,NONE,,LOCATED,NO,NONE,
P5,sw2<0>,IOB,IO_L16N_7,INPUT,LVCMOS25*,7,,,,NONE,,LOCATED,NO,NONE,
P6,,,VCCO_7,,,7,,,,,2.50,,,,
P7,sw2<1>,IOB,IO_L19P_7,INPUT,LVCMOS25*,7,,,,NONE,,LOCATED,NO,NONE,
P8,,,GND,,,,,,,,,,,,
P9,,DIFFS,IO_L19N_7/VREF_7,UNUSED,,7,,,,,,,,,
P10,,DIFFM,IO_L20P_7,UNUSED,,7,,,,,,,,,
P11,,DIFFS,IO_L20N_7,UNUSED,,7,,,,,,,,,
P12,,DIFFM,IO_L21P_7,UNUSED,,7,,,,,,,,,
P13,,DIFFS,IO_L21N_7,UNUSED,,7,,,,,,,,,
P14,,,GND,,,,,,,,,,,,
P15,,DIFFM,IO_L22P_7,UNUSED,,7,,,,,,,,,
P16,,DIFFS,IO_L22N_7,UNUSED,,7,,,,,,,,,
P17,,,VCCAUX,,,,,,,,2.5,,,,
P18,,DIFFM,IO_L23P_7,UNUSED,,7,,,,,,,,,
P19,,DIFFS,IO_L23N_7,UNUSED,,7,,,,,,,,,
P20,,DIFFM,IO_L24P_7,UNUSED,,7,,,,,,,,,
P21,,DIFFS,IO_L24N_7,UNUSED,,7,,,,,,,,,
P22,,DIFFM,IO_L39P_7,UNUSED,,7,,,,,,,,,
P23,,,VCCO_7,,,7,,,,,2.50,,,,
P24,,DIFFS,IO_L39N_7,UNUSED,,7,,,,,,,,,
P25,,,GND,,,,,,,,,,,,
P26,,DIFFM,IO_L40P_7,UNUSED,,7,,,,,,,,,
P27,,DIFFS,IO_L40N_7/VREF_7,UNUSED,,7,,,,,,,,,
P28,,DIFFM,IO_L40P_6/VREF_6,UNUSED,,6,,,,,,,,,
P29,,DIFFS,IO_L40N_6,UNUSED,,6,,,,,,,,,
P30,,,GND,,,,,,,,,,,,
P31,,DIFFM,IO_L39P_6,UNUSED,,6,,,,,,,,,
P32,,,VCCO_6,,,6,,,,,any******,,,,
P33,,DIFFS,IO_L39N_6,UNUSED,,6,,,,,,,,,
P34,,DIFFM,IO_L24P_6,UNUSED,,6,,,,,,,,,
P35,,DIFFS,IO_L24N_6/VREF_6,UNUSED,,6,,,,,,,,,
P36,,DIFFM,IO_L23P_6,UNUSED,,6,,,,,,,,,
P37,,DIFFS,IO_L23N_6,UNUSED,,6,,,,,,,,,
P38,,,VCCAUX,,,,,,,,2.5,,,,
P39,,DIFFM,IO_L22P_6,UNUSED,,6,,,,,,,,,
P40,,DIFFS,IO_L22N_6,UNUSED,,6,,,,,,,,,
P41,,,GND,,,,,,,,,,,,
P42,,DIFFM,IO_L21P_6,UNUSED,,6,,,,,,,,,
P43,,DIFFS,IO_L21N_6,UNUSED,,6,,,,,,,,,
P44,,DIFFM,IO_L20P_6,UNUSED,,6,,,,,,,,,
P45,,DIFFS,IO_L20N_6,UNUSED,,6,,,,,,,,,
P46,,DIFFM,IO_L19P_6,UNUSED,,6,,,,,,,,,
P47,,,GND,,,,,,,,,,,,
P48,,DIFFS,IO_L19N_6,UNUSED,,6,,,,,,,,,
P49,,,VCCO_6,,,6,,,,,any******,,,,
P50,,DIFFM,IO/VREF_6,UNUSED,,6,,,,,,,,,
P51,,DIFFM,IO_L01P_6/VRN_6,UNUSED,,6,,,,,,,,,
P52,,DIFFS,IO_L01N_6/VRP_6,UNUSED,,6,,,,,,,,,
P53,,,GND,,,,,,,,,,,,
P54,,,M1,,,,,,,,,,,,
P55,,,M0,,,,,,,,,,,,
P56,,,M2,,,,,,,,,,,,
P57,,DIFFM,IO_L01P_5/CS_B,UNUSED,,5,,,,,,,,,
P58,,DIFFS,IO_L01N_5/RDWR_B,UNUSED,,5,,,,,,,,,
P59,,,GND,,,,,,,,,,,,
P60,,,VCCO_5,,,5,,,,,2.50,,,,
P61,,DIFFM,IO_L10P_5/VRN_5,UNUSED,,5,,,,,,,,,
P62,,DIFFS,IO_L10N_5/VRP_5,UNUSED,,5,,,,,,,,,
P63,,IOB,IO,UNUSED,,5,,,,,,,,,
P64,,DIFFM,IO_L27P_5,UNUSED,,5,,,,,,,,,
P65,,DIFFS,IO_L27N_5/VREF_5,UNUSED,,5,,,,,,,,,
P66,,,GND,,,,,,,,,,,,
P67,,DIFFM,IO_L28P_5/D7,UNUSED,,5,,,,,,,,,
P68,,DIFFS,IO_L28N_5/D6,UNUSED,,5,,,,,,,,,
P69,,,VCCAUX,,,,,,,,2.5,,,,
P70,,,VCCINT,,,,,,,,1.2,,,,
P71,,IOB,IO,UNUSED,,5,,,,,,,,,
P72,,DIFFM,IO_L31P_5/D5,UNUSED,,5,,,,,,,,,
P73,,,VCCO_5,,,5,,,,,2.50,,,,
P74,,DIFFS,IO_L31N_5/D4,UNUSED,,5,,,,,,,,,
P75,,,GND,,,,,,,,,,,,
P76,clk1,IOB,IO_L32P_5/GCLK2,INPUT,LVCMOS25*,5,,,,NONE,,LOCATED,NO,NONE,
P77,,DIFFS,IO_L32N_5/GCLK3,UNUSED,,5,,,,,,,,,
P78,,IOB,IO/VREF_5,UNUSED,,5,,,,,,,,,
P79,,DIFFM,IO_L32P_4/GCLK0,UNUSED,,4,,,,,,,,,
P80,,DIFFS,IO_L32N_4/GCLK1,UNUSED,,4,,,,,,,,,
P81,,DIFFM,IO_L31P_4/DOUT/BUSY,UNUSED,,4,,,,,,,,,
P82,,,GND,,,,,,,,,,,,
P83,,DIFFS,IO_L31N_4/INIT_B,UNUSED,,4,,,,,,,,,
P84,,,VCCO_4,,,4,,,,,any******,,,,
P85,,IOB,IO/VREF_4,UNUSED,,4,,,,,,,,,
P86,,DIFFM,IO_L30P_4/D3,UNUSED,,4,,,,,,,,,
P87,,DIFFS,IO_L30N_4/D2,UNUSED,,4,,,,,,,,,
P88,,,VCCINT,,,,,,,,1.2,,,,
P89,,,VCCAUX,,,,,,,,2.5,,,,
P90,,DIFFM,IO_L27P_4/D1,UNUSED,,4,,,,,,,,,
P91,,,GND,,,,,,,,,,,,
P92,,DIFFS,IO_L27N_4/DIN/D0,UNUSED,,4,,,,,,,,,
P93,,IOB,IO,UNUSED,,4,,,,,,,,,
P94,,DIFFM,IO_L25P_4,UNUSED,,4,,,,,,,,,
P95,,DIFFS,IO_L25N_4,UNUSED,,4,,,,,,,,,
P96,,IOB,IO/VREF_4,UNUSED,,4,,,,,,,,,
P97,,DIFFS,IO,UNUSED,,4,,,,,,,,,
P98,,,VCCO_4,,,4,,,,,any******,,,,
P99,,,GND,,,,,,,,,,,,
P100,,DIFFM,IO_L01P_4/VRN_4,UNUSED,,4,,,,,,,,,
P101,,DIFFS,IO_L01N_4/VRP_4,UNUSED,,4,,,,,,,,,
P102,,IOB,IO/VREF_4,UNUSED,,4,,,,,,,,,
P103,,,DONE,,,,,,,,,,,,
P104,,,CCLK,,,,,,,,,,,,
P105,,,GND,,,,,,,,,,,,
P106,,DIFFM,IO_L01P_3/VRN_3,UNUSED,,3,,,,,,,,,
P107,,DIFFS,IO_L01N_3/VRP_3,UNUSED,,3,,,,,,,,,
P108,,DIFFM,IO_L17P_3/VREF_3,UNUSED,,3,,,,,,,,,
P109,,DIFFS,IO_L17N_3,UNUSED,,3,,,,,,,,,
P110,,,VCCO_3,,,3,,,,,2.50,,,,
P111,,DIFFM,IO_L19P_3,UNUSED,,3,,,,,,,,,
P112,,,GND,,,,,,,,,,,,
P113,,DIFFS,IO_L19N_3,UNUSED,,3,,,,,,,,,
P114,,DIFFM,IO_L20P_3,UNUSED,,3,,,,,,,,,
P115,,DIFFS,IO_L20N_3,UNUSED,,3,,,,,,,,,
P116,,DIFFM,IO_L21P_3,UNUSED,,3,,,,,,,,,
P117,,DIFFS,IO_L21N_3,UNUSED,,3,,,,,,,,,
P118,,,GND,,,,,,,,,,,,
P119,,DIFFM,IO_L22P_3,UNUSED,,3,,,,,,,,,
P120,,DIFFS,IO_L22N_3,UNUSED,,3,,,,,,,,,
P121,,,VCCAUX,,,,,,,,2.5,,,,
P122,,DIFFM,IO_L23P_3/VREF_3,UNUSED,,3,,,,,,,,,
P123,,DIFFS,IO_L23N_3,UNUSED,,3,,,,,,,,,
P124,,DIFFM,IO_L24P_3,UNUSED,,3,,,,,,,,,
P125,,DIFFS,IO_L24N_3,UNUSED,,3,,,,,,,,,
P126,,DIFFM,IO_L39P_3,UNUSED,,3,,,,,,,,,
P127,,,VCCO_3,,,3,,,,,2.50,,,,
P128,,DIFFS,IO_L39N_3,UNUSED,,3,,,,,,,,,
P129,,,GND,,,,,,,,,,,,
P130,,DIFFM,IO_L40P_3,UNUSED,,3,,,,,,,,,
P131,Z<6>,IOB,IO_L40N_3/VREF_3,OUTPUT,LVCMOS25*,3,12,SLOW,NONE**,,,LOCATED,NO,NONE,
P132,Z<7>,IOB,IO_L40P_2/VREF_2,OUTPUT,LVCMOS25*,2,12,SLOW,NONE**,,,LOCATED,NO,NONE,
P133,Z<4>,IOB,IO_L40N_2,OUTPUT,LVCMOS25*,2,12,SLOW,NONE**,,,LOCATED,NO,NONE,
P134,,,GND,,,,,,,,,,,,
P135,Z<5>,IOB,IO_L39P_2,OUTPUT,LVCMOS25*,2,12,SLOW,NONE**,,,LOCATED,NO,NONE,
P136,,,VCCO_2,,,2,,,,,2.50,,,,
P137,Z<2>,IOB,IO_L39N_2,OUTPUT,LVCMOS25*,2,12,SLOW,NONE**,,,LOCATED,NO,NONE,
P138,Z<3>,IOB,IO_L24P_2,OUTPUT,LVCMOS25*,2,12,SLOW,NONE**,,,LOCATED,NO,NONE,
P139,Z<0>,IOB,IO_L24N_2,OUTPUT,LVCMOS25*,2,12,SLOW,NONE**,,,LOCATED,NO,NONE,
P140,Z<1>,IOB,IO_L23P_2,OUTPUT,LVCMOS25*,2,12,SLOW,NONE**,,,LOCATED,NO,NONE,
P141,Z<14>,IOB,IO_L23N_2/VREF_2,OUTPUT,LVCMOS25*,2,12,SLOW,NONE**,,,LOCATED,NO,NONE,
P142,,,VCCAUX,,,,,,,,2.5,,,,
P143,Z<15>,IOB,IO_L22P_2,OUTPUT,LVCMOS25*,2,12,SLOW,NONE**,,,LOCATED,NO,NONE,
P144,Z<12>,IOB,IO_L22N_2,OUTPUT,LVCMOS25*,2,12,SLOW,NONE**,,,LOCATED,NO,NONE,
P145,,,GND,,,,,,,,,,,,
P146,Z<13>,IOB,IO_L21P_2,OUTPUT,LVCMOS25*,2,12,SLOW,NONE**,,,LOCATED,NO,NONE,
P147,Z<10>,IOB,IO_L21N_2,OUTPUT,LVCMOS25*,2,12,SLOW,NONE**,,,LOCATED,NO,NONE,
P148,Z<11>,IOB,IO_L20P_2,OUTPUT,LVCMOS25*,2,12,SLOW,NONE**,,,LOCATED,NO,NONE,
P149,Z<8>,IOB,IO_L20N_2,OUTPUT,LVCMOS25*,2,12,SLOW,NONE**,,,LOCATED,NO,NONE,
P150,Z<9>,IOB,IO_L19P_2,OUTPUT,LVCMOS25*,2,12,SLOW,NONE**,,,LOCATED,NO,NONE,
P151,,,GND,,,,,,,,,,,,
P152,,DIFFS,IO_L19N_2,UNUSED,,2,,,,,,,,,
P153,,,VCCO_2,,,2,,,,,2.50,,,,
P154,,DIFFM,IO/VREF_2,UNUSED,,2,,,,,,,,,
P155,,DIFFM,IO_L01P_2/VRN_2,UNUSED,,2,,,,,,,,,
P156,,DIFFS,IO_L01N_2/VRP_2,UNUSED,,2,,,,,,,,,
P157,,,GND,,,,,,,,,,,,
P158,,,TDO,,,,,,,,,,,,
P159,,,TCK,,,,,,,,,,,,
P160,,,TMS,,,,,,,,,,,,
P161,,DIFFM,IO_L01P_1/VRN_1,UNUSED,,1,,,,,,,,,
P162,,DIFFS,IO_L01N_1/VRP_1,UNUSED,,1,,,,,,,,,
P163,,,GND,,,,,,,,,,,,
P164,,,VCCO_1,,,1,,,,,2.50,,,,
P165,,DIFFM,IO_L10P_1,UNUSED,,1,,,,,,,,,
P166,,DIFFS,IO_L10N_1/VREF_1,UNUSED,,1,,,,,,,,,
P167,,IOB,IO,UNUSED,,1,,,,,,,,,
P168,over,IOB,IO_L27P_1,OUTPUT,LVCMOS25*,1,12,SLOW,NONE**,,,LOCATED,NO,NONE,
P169,state<4>,IOB,IO_L27N_1,OUTPUT,LVCMOS25*,1,12,SLOW,NONE**,,,LOCATED,NO,NONE,
P170,,,GND,,,,,,,,,,,,
P171,,DIFFM,IO_L28P_1,UNUSED,,1,,,,,,,,,
P172,state<2>,IOB,IO_L28N_1,OUTPUT,LVCMOS25*,1,12,SLOW,NONE**,,,LOCATED,NO,NONE,
P173,,,VCCAUX,,,,,,,,2.5,,,,
P174,,,VCCINT,,,,,,,,1.2,,,,
P175,state<3>,IOB,IO,OUTPUT,LVCMOS25*,1,12,SLOW,NONE**,,,LOCATED,NO,NONE,
P176,state<1>,IOB,IO_L31P_1,OUTPUT,LVCMOS25*,1,12,SLOW,NONE**,,,LOCATED,NO,NONE,
P177,,,VCCO_1,,,1,,,,,2.50,,,,
P178,,DIFFS,IO_L31N_1/VREF_1,UNUSED,,1,,,,,,,,,
P179,,,GND,,,,,,,,,,,,
P180,,DIFFM,IO_L32P_1/GCLK4,UNUSED,,1,,,,,,,,,
P181,state<0>,IOB,IO_L32N_1/GCLK5,OUTPUT,LVCMOS25*,1,12,SLOW,NONE**,,,LOCATED,NO,NONE,
P182,,IOB,IO,UNUSED,,1,,,,,,,,,
P183,,DIFFM,IO_L32P_0/GCLK6,UNUSED,,0,,,,,,,,,
P184,,DIFFS,IO_L32N_0/GCLK7,UNUSED,,0,,,,,,,,,
P185,,DIFFM,IO_L31P_0/VREF_0,UNUSED,,0,,,,,,,,,
P186,,,GND,,,,,,,,,,,,
P187,,DIFFS,IO_L31N_0,UNUSED,,0,,,,,,,,,
P188,,,VCCO_0,,,0,,,,,2.50,,,,
P189,,IOB,IO,UNUSED,,0,,,,,,,,,
P190,sw1<1>,IOB,IO_L30P_0,INPUT,LVCMOS25*,0,,,,NONE,,LOCATED,NO,NONE,
P191,sw1<0>,IOB,IO_L30N_0,INPUT,LVCMOS25*,0,,,,NONE,,LOCATED,NO,NONE,
P192,,,VCCINT,,,,,,,,1.2,,,,
P193,,,VCCAUX,,,,,,,,2.5,,,,
P194,sw1<3>,IOB,IO_L27P_0,INPUT,LVCMOS25*,0,,,,NONE,,LOCATED,NO,NONE,
P195,,,GND,,,,,,,,,,,,
P196,sw1<2>,IOB,IO_L27N_0,INPUT,LVCMOS25*,0,,,,NONE,,LOCATED,NO,NONE,
P197,sw1<5>,IOB,IO,INPUT,LVCMOS25*,0,,,,NONE,,LOCATED,NO,NONE,
P198,sw1<4>,IOB,IO_L25P_0,INPUT,LVCMOS25*,0,,,,NONE,,LOCATED,NO,NONE,
P199,sw1<7>,IOB,IO_L25N_0,INPUT,LVCMOS25*,0,,,,NONE,,LOCATED,NO,NONE,
P200,sw1<6>,IOB,IO/VREF_0,INPUT,LVCMOS25*,0,,,,NONE,,LOCATED,NO,NONE,
P201,,,VCCO_0,,,0,,,,,2.50,,,,
P202,,,GND,,,,,,,,,,,,
P203,sw2<6>,IOB,IO_L01P_0/VRN_0,INPUT,LVCMOS25*,0,,,,NONE,,LOCATED,NO,NONE,
P204,sw2<7>,IOB,IO_L01N_0/VRP_0,INPUT,LVCMOS25*,0,,,,NONE,,LOCATED,NO,NONE,
P205,sw2<4>,IOB,IO/VREF_0,INPUT,LVCMOS25*,0,,,,NONE,,LOCATED,NO,NONE,
P206,,,HSWAP_EN,,,,,,,,,,,,
P207,,,PROG_B,,,,,,,,,,,,
P208,,,TDI,,,,,,,,,,,,

# -----,-----,-----,-----,-----,-----,-----,-----,-----,-----,-----,-----,-----,-----,-----,
# 
#* Default value.
#** This default Pullup/Pulldown value can be overridden in Bitgen. 
#****** Special VCCO requirements may apply. Please consult the device 
#       family datasheet for specific guideline on VCCO requirements. 
#
#
#